Workbook

Sheet Hoja1
A1: Documento | B1: Nombre base de datos | C1: Nivel | D1: MESA_ | E1: Fecha Ingreso | F1: Fecha de retiro | G1: Nombre | H1: Email | I1: Compass | J1: AGENT DATA | K1: Genesys | L1: TUR Training | M1: QA | N1: Feedback | O1: Estado | P1: Vista Dash | Q1: Malla | R1: Evaluation | S1: Directorio Distribuidores MOPAR | T1: Rol Home Office
A2: DICA9809116S6 | B2: aida esperanza diaz cativo | C2: L2 | D2: CAC | E2: =VLOOKUP(A2,Hoja2!A:C,2,FALSE) -> 19/05/2025 | F2: =VLOOKUP(A2,Hoja2!A:C,3,FALSE) -> 45835 | G2: Aida Esperanza Diaz Cativo | H2: 408 | I2: Aida Esperanza Diaz Cativo | K2: Aida Esperanza Diaz Cativo | L2: 218 | M2: 220 | N2: 222 | O2: Inactivo | P2: Inactivo | Q2: 226 | R2: aida.diaz@brm.lat | S2: 396 | T2: 504
A3: ROAA941101N80 | B3: aldo aaron rodriguez arroyo | C3: OTHER | D3: STAFF | E3: =VLOOKUP(A3,Hoja2!A:C,2,FALSE) -> 05/05/2023 | F3: 36893 | G3: Aldo Aaron Rodriguez Arroyo | H3: aldo.rodriguez@brm.lat | I3: Aldo Aaron Rodríguez Arroyo | J3: ALDO AARON RODRIGUEZ ARROYO | K3: 8 | L3: 51 | M3: 69 | N3: 69 | O3: Inactivo | P3: Inactivo | Q3: 155 | R3: aldo.rodriguez@brm.lat | S3: 397 | T3: 505
A4: TOTA970408G2A | B4: alfredo carlos torres trujillo | C4: L2 | D4: PREMIUM | E4: =VLOOKUP(A4,Hoja2!A:C,2,FALSE) -> 45271 | F4: 45980 | G4: Alfredo Carlos Torres Trujillo | H4: 409 | I4: 93 | K4: 99 | L4: 111 | M4: 105 | N4: 105 | O4: Inactivo | P4: Inactivo | Q4: 169 | R4: 210 | S4: 398 | T4: 506
A5: MOAA990219V45 | B5: ana luisa molina aguirre | C5: L2 | D5: CAC | E5: =VLOOKUP(A5,Hoja2!A:C,2,FALSE) -> 22/09/2025 | G5: Ana Luisa Molina Aguirre | H5: ana.molina@brm.lat | I5: Ana Luisa Molina Aguirre | K5: Ana Luisa Molina Aguirre | L5: Ana Molina | M5: Ana Luisa Molina Aguirre | N5: Ana Luisa Molina Aguirre | O5: Activo | P5: Agente | Q5: Ana Luisa Molina Aguirre | R5: ana.molina@brm.lat | S5: 508 | T5: Ana Luis Molina
A6: NERA921105325 | B6: angel alfonso negrete rojas | C6: L2 | D6: CAC | E6: =VLOOKUP(A6,Hoja2!A:C,2,FALSE) -> 12/04/2023 | G6: Angel Alfonso Negrete Rojas | H6: 410 | I6: Angel Alfonso Negrete Rojas | J6: ANGEL ALFONSO NEGRETE ROJAS | K6: Angel Alfonso Negrete Rojas | L6: Angel Negrete | M6: Angel Alfonso Negrete Rojas | N6: Angel Alfonso Negrete Rojas | O6: Activo | P6: Lider | Q6: Angel Alfonso Negrete Rojas | R6: 175 | S6: 399 | T6: Angel Alfonso Negrete Rojas
A7: 1015475044 | B7: angela natalia escobar castro | C7: OTHER | D7: STAFF | E7: 45538 | G7: Angela Natalia Escobar Castro | H7: angela.escobar@brm.com.co | I7: 290 | K7: 291 | L7: 292 | M7: 293 | N7: 294 | O7: Activo | P7: Data | Q7: 296 | R7: angela.escobar@brm.com.co | S7: 400 | T7: 507
A8: ROCA880719R6A | B8: ariel rosas colin | C8: L2 | D8: CAC | E8: =VLOOKUP(A8,Hoja2!A:C,2,FALSE) -> 24/03/2025 | G8: Ariel Rosas Colin | H8: 411 | I8: Ariel Rosas Colin | K8: Ariel Rosas Colin | L8: Ariel Rosas Colin | M8: Ariel Rosas Colin | N8: Ariel Rosas Colin | O8: Activo | P8: Agente | Q8: Ariel Rosas Colin | R8: ariel.rosas@brm.lat | S8: 401 | T8: Ariel Rosas Colin
A9: MICA030425FXA | B9: arturo jovan michel caballero | C9: L2 | D9: PREMIUM | E9: =VLOOKUP(A9,Hoja2!A:C,2,FALSE) -> 16/07/2025 | F9: =VLOOKUP(A9,Hoja2!A:C,3,FALSE) -> 45945 | G9: Arturo Jovan Michel Caballero | H9: arturo.michel@brm.lat | I9: Arturo Caballero | J9: 475 | K9: Arturo Caballero | L9: 477 | M9: Arturo Caballero | N9: 479 | O9: Inactivo | P9: Inactivo | Q9: Arturo Jovan Michel Caballero | R9: 482 | S9: 483 | T9: Arturo Jovan Michel
A10: HELB930528PQ6 | B10: bernardo herrera lucas | C10: BIL | D10: WARRANTY | E10: =VLOOKUP(A10,Hoja2!A:C,2,FALSE) -> 23/04/2025 | G10: Bernardo Herrera Lucas | H10: 412 | I10: Bernardo Herrera Lucas | J10: BERNARDO HERRERA LUCAS | K10: 9 | L10: 52 | M10: Bernardo Herrera Lucas | N10: Bernardo Herrera Lucas | O10: Activo | P10: Agente | Q10: Bernardo Herrera Lucas | R10: 176 | S10: 402 | T10: Bernardo Herrera Lucas
A11: PECB0204186B4 | B11: beverly perez carmona | C11: L2 | D11: CAC | E11: =VLOOKUP(A11,Hoja2!A:C,2,FALSE) -> 20/05/2024 | F11: =VLOOKUP(A11,Hoja2!A:C,3,FALSE) -> 45945 | G11: Beverly Perez Carmona | H11: 413 | I11: Beverly Perez | J11: BEVERLY PEREZ CARMONA | K11: Beverly Perez Carmona | L11: Beberly Perez | M11: Beverly Pérez Carmona | N11: Beverly Pérez Carmona | O11: Inactivo | P11: Inactivo | Q11: Beverly Pérez Carmona | R11: beverly.perez@brm.lat | S11: 403 | T11: Beverly Perez Carmona
A12: HEVB960903C82 | B12: brenda aylin hernandez ventura | C12: L2 | D12: CAC | E12: =VLOOKUP(A12,Hoja2!A:C,2,FALSE) -> 15/01/2024 | G12: Brenda Aylin Hernandez Ventura | H12: 414 | I12: Brenda Aylin Hernandez Ventura | J12: BRENDA AYLIN HERNANDEZ VENTURA | K12: Branda Aylin Hernandez Ventura | L12: Brenda Hernandez | M12: Brenda Aylin Hernández Ventura | N12: Brenda Aylin Hernández Ventura | O12: Activo | P12: Agente | Q12: Brenda Aylin Hernández Ventura | R12: 177 | S12: 404 | T12: Brenda Aylin Hernández Ventura
A13: MOMB940920E68 | B13: brenda leticia morales munoz | C13: L2 | D13: FLEET | E13: =VLOOKUP(A13,Hoja2!A:C,2,FALSE) -> 12/04/2023 | G13: Brenda Leticia Morales Munoz | H13: 415 | I13: 23 | K13: Brenda Leticia Morales Muñoz | L13: 65 | M13: Brenda Leticia Morales Muñoz | N13: Brenda Leticia Morales Muñoz | O13: Activo | P13: Agente | Q13: Brenda Leticia Morales Muñoz | R13: 195 | S13: BRENDA | T13: Brenda Leticia Morales Muñoz
A14: COMC900329TX1 | B14: carlos francisco contreras moreno | C14: OTHER | D14: PROGRAM MANAGER | E14: =VLOOKUP(A14,Hoja2!A:C,2,FALSE) -> 26/06/2023 | G14: Carlos Francisco Contreras Moreno | H14: carlos.contreras@brm.com.co | I14: 227 | K14: 236 | L14: 245 | M14: 254 | N14: 263 | O14: Activo | P14: Manager | Q14: 281 | R14: carlos.contreras@brm.com.co | S14: 406 | T14: 508
A15: NACC9505286W9 | B15: carolina nava cruz | C15: PEPSICO | D15: PEPSICO | E15: =VLOOKUP(A15,Hoja2!A:C,2,FALSE) -> 23/12/2021 | G15: Carolina Nava Cruz | H15: carolina.nava@brm.com.co | I15: 228 | K15: 237 | L15: 246 | M15: 255 | N15: 264 | O15: Activo | P15: Agente | Q15: 282 | R15: carolina.nava@brm.com.co | S15: 345 | T15: 509
A16: OUMC940127JZ8 | B16: christian gerardo ortuno mayen | C16: L2 | D16: PREMIUM | E16: =VLOOKUP(A16,Hoja2!A:C,2,FALSE) -> 11/12/2023 | F16: =VLOOKUP(A16,Hoja2!A:C,3,FALSE) -> 45888 | G16: Christian Gerardo Ortuno Mayen | H16: christian.ortuno@brm.lat | I16: Christian Ortuno | K16: 45 | L16: Christian Ortuño | M16: Christian Ortuno | N16: 87 | O16: Inactivo | P16: Inactivo | Q16: Christian Gerardo Ortuno Mayen | R16: christian.ortuno@brm.lat | S16: 346 | T16: 510
A17: LAMC960519QR8 | B17: citlali lara morales | C17: L2 | D17: CAC | E17: =VLOOKUP(A17,Hoja2!A:C,2,FALSE) -> 11/12/2023 | F17: =VLOOKUP(A17,Hoja2!A:C,3,FALSE) -> 45708 | G17: Citlali Lara Morales | H17: 416 | I17: Citlali Lara | K17: 46 | L17: Citlali Lara | M17: Citlali Lara | N17: 88 | O17: Inactivo | P17: Inactivo | Q17: Citali Lara Morales | R17: 205 | S17: 347 | T17: 511
A18: MELD991221AV5 | B18: daniel axel mejia lopez | C18: OTHER | D18: STAFF | E18: =VLOOKUP(A18,Hoja2!A:C,2,FALSE) -> 04/05/2023 | G18: Daniel Axel Mejia Lopez | H18: daniel.mejia@brm.lat | I18: Daniel Mejia | J18: DANIEL MEJIA | K18: 10 | L18: 53 | M18: 71 | N18: 71 | O18: Activo | P18: Agente | Q18: 156 | R18: daniel.mejia@brm.com.co | S18: 348 | T18: Daniel Mejía
A19: SAVD670108S4A | B19: Daniel Sanchez Vallejo | C19: BIL | D19: PDC | E19: =VLOOKUP(A19,Hoja2!A:C,2,FALSE) -> 08/05/2023 | G19: Daniel Sanchez Vallejo | H19: 417 | I19: 308 | K19: 313 | L19: 318 | M19: 323 | N19: 328 | O19: Activo | P19: Agente | Q19: Daniel Sanchez Vallejo | R19: 343 | S19: 349 | T19: Daniel Sánchez Vallejo
A20: VIGD960720IM4 | B20: daniel villanueva gonzalez | C20: OTHER | D20: STAFF | E20: =VLOOKUP(A20,Hoja2!A:C,2,FALSE) -> 01/08/2023 | F20: =VLOOKUP(A20,Hoja2!A:C,3,FALSE) -> 45719 | G20: Daniel Villanueva Gonzalez | H20: 418 | I20: Daniel Villanueva Gonzalez | J20: DANIEL VILLANUEVA GONZALEZ | K20: 11 | L20: 54 | M20: 72 | N20: 72 | O20: Inactivo | P20: Inactivo | Q20: 157 | R20: 179 | S20: 350 | T20: 512
A21: GOCD990717AS3 | B21: dante abraham gonzalez carcamo | C21: L2 | D21: PREMIUM | E21: =VLOOKUP(A21,Hoja2!A:C,2,FALSE) -> 20/10/2025 | G21: Dante Abraham Gonzalez Carcamo | H21: dante.carcamo@brm.lat | I21: 555 | J21: 556 | K21: Dante González | L21: 558 | M21: 559 | N21: 560 | O21: Activo | P21: Agente | Q21: 562 | R21: 563 | S21: 564 | T21: 566
A22: CERD7807235L2 | B22: david daniel cedillo rivera | C22: BIL | D22: CAC | E22: =VLOOKUP(A22,Hoja2!A:C,2,FALSE) -> 01/05/2023 | G22: David Daniel Cedillo Rivera | H22: david.cedillo@brm.lat | I22: David Cedillo | J22: DAVID DANIEL CEDILLO RIVERA | K22: David Daniel Cedillo Rivera | L22: 55 | M22: 73 | N22: 73 | O22: Activo | P22: Lider | Q22: David Daniel Cedillo Rivera | R22: 180 | S22: 351 | T22: David Daniel Cedillo Rivera
A23: CADD840914Q56 | B23: david ricardo camarena diaz | C23: L2 | D23: PREMIUM | E23: =VLOOKUP(A23,Hoja2!A:C,2,FALSE) -> 11/12/2023 | G23: David Ricardo Camarena Diaz | H23: david.camarena@brm.lat | I23: David Camarena | K23: David Camarena | L23: David Camarena | M23: David Camarena | N23: 90 | O23: Activo | P23: Agente | Q23: David Ricardo Camarena Díaz | R23: david.camarena@brm.lat | S23: 352 | T23: David Ricardo Camarena Díaz
A24: SILD9507304HA | B24: diego silva lerista | C24: L2 | D24: PREMIUM | E24: =VLOOKUP(A24,Hoja2!A:C,2,FALSE) -> 16/07/2025 | G24: Diego Silva Lerista | H24: diego.silva@brm.lat | I24: Diego Lerista | J24: 485 | K24: Diego Lerista | L24: 487 | M24: Diego Lerista | N24: 489 | O24: Activo | P24: Agente | Q24: Diego Silva Lerista | R24: 492 | S24: 493 | T24: Diego Lerista
A25: AAME930716V5A | B25: elizabeth tania anaya martinez | C25: L2 | D25: FLEET | E25: =VLOOKUP(A25,Hoja2!A:C,2,FALSE) -> 01/09/2023 | G25: Elizabeth Tania Anaya Martinez | H25: 419 | I25: Elizabeth Tania Anaya Martinez | J25: ELIZABETH TANIA ANAYA MARTINEZ | K25: Elizabeth Tania Anaya Martinez | L25: Elizabeth Anaya | M25: Elizabeth Tania Anaya Martínez | N25: Elizabeth Tania Anaya Martínez | O25: Activo | P25: Agente | Q25: Elizabeth Tania Anaya Martínez | R25: 181 | S25: ELIZABETH | T25: Elizabeth Tania Anaya Martinez
A26: RODE9405272WA | B26: emmy zenyace rodriguez dominguez | C26: OTHER | D26: STAFF | E26: =VLOOKUP(A26,Hoja2!A:C,2,FALSE) -> 11/12/2023 | G26: Emmy Zenyace Rodriguez Dominguez | H26: 420 | I26: Emmy Rodriguez | K26: 44 | L26: Emmy Rodriguez | M26: Emmy Rodriguez | N26: 86 | O26: Activo | P26: Agente | Q26: Emmy Zenyace Rodríguez Domínguez | R26: 203 | S26: 353 | T26: Erika Jacqueline Manzanarez Sotelo
A27: MASE970408PN6 | B27: erika jacqueline manzanarez sotelo | C27: L2 | D27: FLEET | E27: =VLOOKUP(A27,Hoja2!A:C,2,FALSE) -> 06/07/2023 | G27: Erika Jacqueline Manzanarez Sotelo | H27: 421 | I27: Ericka Jacqueline Manzanarez Sotelo | J27: ERIKA JACQUELINE MANZANAREZ SOTELO | K27: Ericka Jaqueline Manzanarez Sotelo | L27: 56 | M27: Erika Jacqueline Manzanarez Sotelo | N27: Erika Jacqueline Manzanarez Sotelo | O27: Activo | P27: Agente | Q27: Erika Jacqueline Manzanarez Sotelo | R27: 182 | S27: ERIKA | T27: Erika Rodríguez Pérez
A28: ROPE750902RE8 | B28: erika rodriguez perez | C28: L2 | D28: PREMIUM | E28: =VLOOKUP(A28,Hoja2!A:C,2,FALSE) -> 12/12/2023 | G28: Erika Rodriguez Perez | H28: erika.rodriguez@brm.lat | I28: Erika Rodriguez | K28: Erika Rodriguez | L28: Erika Rodriguez | M28: Erika Rodriguez | N28: 89 | O28: Activo | P28: Agente | Q28: Erika Rodríguez Pérez | R28: erika.rodriguez@brm.lat | S28: 354 | T28: 513
A29: HEFE932203E43 | B29: Evelyn Andrea Hernandez Flores | C29: L2 | D29: CAC | E29: =VLOOKUP(A29,Hoja2!A:C,2,FALSE) -> 05/02/2025 | G29: Evelyn Andrea Hernandez Flores | H29: 422 | I29: Evelyn Andrea Hernandez Flores | K29: Evelyn Andrea Hernandez Flores | L29: Evelyn Hernandez | M29: Evelyn Andrea Hernandez Flores | N29: Evelyn Andrea Hernandez Flores | O29: Activo | P29: Agente | Q29: Evelyn Andrea Hernandez Flores | R29: evelyn.hernandez@brm.lat | S29: 355 | T29: Evelyn Andrea Hernandez
A30: GUAG9805103UA | B30: gabriela ahuic guerrero acosta | C30: L2 | D30: PREMIUM | E30: =VLOOKUP(A30,Hoja2!A:C,2,FALSE) -> 04/03/2024 | G30: Gabriela Ahuic Guerrero Acosta | H30: gabriela.guerrero@brm.lat | I30: Gabriela Guerrero | K30: Gabriela Guerrero | L30: 112 | M30: Gabriela Guerrero | N30: 106 | O30: Activo | P30: Agente | Q30: Gabriela Ahuic Guerrero Acosta | R30: gabriela.guerrero@brm.lat | S30: 356 | T30: Gabriela Ahuic Guerrero Acosta
A31: HEBG9812126W4 | B31: guadalupe itzel hernández baza | C31: L2 | D31: PREMIUM | E31: =VLOOKUP(A31,Hoja2!A:C,2,FALSE) -> 02/10/2024 | G31: Guadalupe Itzel Hernández Baza | H31: guadalupe.hernandez@brm.lat | I31: Guadalupe Hernandez Baza | K31: Guadalupe Hernandez Baza | L31: Guadalupe Baza | M31: Guadalupe Hernandez | N31: 91 | O31: Activo | P31: Agente | Q31: Guadalupe Itzel Hernández baza | R31: guadalupe.hernandez@brm.lat | S31: 357 | T31: Guadalupe Hernandez Baza
A32: 1 | B32: Hot Alert Mexico Vehicle | C32: OTHER | D32: OTHER | E32: 36892 | F32: 36893 | G32: Hot Alert Mexico Vehicle | H32: 423 | I32: Hot Alert Mexico Vehicle | K32: 13 | L32: 57 | M32: 74 | N32: 74 | O32: Inactivo | P32: Inactivo | Q32: 158 | R32: 183 | S32: 358 | T32: 514
A33: COZI930808G27 | B33: ignacio tonatiuh correa zamora | C33: L2 | D33: CAC | E33: =VLOOKUP(A33,Hoja2!A:C,2,FALSE) -> 03/10/2023 | F33: =VLOOKUP(A33,Hoja2!A:C,3,FALSE) -> 45844 | G33: Ignacio Tonatiuh Correa Zamora | H33: 424 | I33: Ignacio Zamora | K33: 42 | L33: Ignacion Correa | M33: Ignacio Zamora | N33: 84 | O33: Inactivo | P33: Inactivo | Q33: 167 | R33: 201 | S33: 359 | T33: 515
A34: ROMI870125PR2 | B34: itzel lucia rodriguez medellin | C34: L2 | D34: CAC | E34: =VLOOKUP(A34,Hoja2!A:C,2,FALSE) -> 19/05/2025 | G34: Itzel Lucia Rodriguez Medellin | H34: 425 | I34: Itzel Rodriguez Medellin | K34: Itzel Rodriguez Medellin | L34: 217 | M34: Itzel Rodriguez Medellín | N34: 221 | O34: Activo | P34: Agente | Q34: Itzel Lucia Rodriguez Medellin | R34: itzel.rodriguez@brm.lat | S34: 360 | T34: Itzel Rodriguez
A35: TOHI950502JJ9 | B35: itzel torres herrera | C35: L2 | D35: FLEET | E35: =VLOOKUP(A35,Hoja2!A:C,2,FALSE) -> 12/04/2023 | G35: Itzel Torres Herrera | H35: 426 | I35: 25 | K35: Itzel Torres Herrera | L35: 67 | M35: Itzel Torres Herrera | N35: Itzel Torres Herrera | O35: Activo | P35: Agente | Q35: Itzel Torres Herrera | R35: 197 | S35: ITZEL | T35: Itzel Torres Herrera
A36: JIRJ0305303Y2 | B36: jacqueline jimeno rosales | C36: L2 | D36: CAC | E36: =VLOOKUP(A36,Hoja2!A:C,2,FALSE) -> 06/07/2023 | F36: =VLOOKUP(A36,Hoja2!A:C,3,FALSE) -> 45708 | G36: Jacqueline Jimeno Rosales | H36: 427 | I36: Jacqueline Jimeno | K36: 40 | L36: Jaqueline Jimeno | M36: Jacqueline Jimeno | N36: 82 | O36: Inactivo | P36: Inactivo | Q36: Jacqueline Jimeno Rosales | R36: 199 | S36: 361 | T36: 516
A37: MAGJ940620SEA | B37: javier martinez garcia | C37: PEPSICO | D37: PEPSICO | E37: =VLOOKUP(A37,Hoja2!A:C,2,FALSE) -> 23/12/2021 | G37: Javier Martinez Garcia | H37: javier.martinez@brm.com.co | I37: 229 | K37: 238 | L37: 247 | M37: 256 | N37: 265 | O37: Activo | P37: Agente | Q37: 283 | R37: javier.martinez@brm.com.co | S37: 362 | T37: 517
A38: 2 | B38: Jennifer Trudell | C38: OTHER | D38: OTHER | E38: 36892 | F38: 36893 | G38: Jennifer Trudell | H38: 428 | I38: Jennifer Trudell | K38: 14 | L38: 58 | M38: 75 | N38: 75 | O38: Inactivo | P38: Inactivo | Q38: 159 | R38: 184 | S38: 363 | T38: 518
A39: BOPJ921127PQ0 | B39: jessica lorena bonces pardo | C39: PEPSICO | D39: PEPSICO | E39: 44348 | G39: Jessica Lorena Bonces Pardo | H39: jessica.bonces@brm.com.co | I39: 230 | K39: 239 | L39: 248 | M39: 257 | N39: 266 | O39: Activo | P39: Lider | Q39: 284 | R39: jessica.bonces@brm.com.co | S39: 364 | T39: 519
A40: RUCJ021118JT2 | B40: jesus armando ruiz cruz | C40: L2 | D40: FLEET | E40: 45936 | G40: Jesus Armando Ruiz Cruz | H40: jesus.ruiz@brm.lat | I40: 504 | K40: Jesus Ruiz | L40: 505 | M40: Jesus Armando Ruiz Cruz | N40: Jesus Armando Ruiz Cruz | O40: Activo | P40: Agente | Q40: Jesus Armando Ruiz Cruz | R40: jesus.ruiz@brm.lat | S40: 509 | T40: Jesús Armando Ruiz
A41: GOLJ9503038V9 | B41: jocelyn odett gomez lerma | C41: L2 | D41: PREMIUM | E41: =VLOOKUP(A41,Hoja2!A:C,2,FALSE) -> 07/04/2025 | F41: =VLOOKUP(A41,Hoja2!A:C,3,FALSE) -> 45785 | G41: Jocelyn Odett Gomez Lerma | H41: 429 | I41: 95 | K41: Jocelyn Lerma | L41: 113 | M41: 107 | N41: 107 | O41: Inactivo | P41: Inactivo | Q41: Jocelyn Odett Gomez Lerma | R41: 212 | S41: 365 | T41: 520
A42: AOBJ730421DQ9 | B42: John Alexander Albornoz Barreto | C42: OTHER | D42: STAFF | E42: =VLOOKUP(A42,Hoja2!A:C,2,FALSE) -> 01/06/2021 | G42: John Alexander Albornoz Barreto | H42: john.albornoz@brm.com.co | I42: 231 | K42: 240 | L42: 249 | M42: Jose Perez | N42: 267 | O42: Activo | P42: Directivo | Q42: 285 | R42: john.albornoz@brm.com.co | S42: 366 | T42: 521
A43: PECA940416AE6 | B43: jose armando perez cruz | C43: BIL | D43: PREMIUM | E43: =VLOOKUP(A43,Hoja2!A:C,2,FALSE) -> 11/12/2023 | G43: Jose Armando Perez Cruz | H43: jose.perez@brm.lat | I43: Jose Perez | K43: 43 | L43: Jose Perez | M43: 85 | N43: 85 | O43: Activo | P43: Lider | Q43: José Armando Pérez Cruz | R43: jose.perez@brm.lat | S43: 367 | T43: José Armando Pérez Cruz
A44: GASD9304145G5 | B44: jose daniel garrido sanchez | C44: L2 | D44: CAC | E44: =VLOOKUP(A44,Hoja2!A:C,2,FALSE) -> 18/04/2023 | F44: =VLOOKUP(A44,Hoja2!A:C,3,FALSE) -> 45708 | G44: Jose Daniel Garrido Sanchez | H44: 430 | I44: Jose Daniel Garrido Sanchez | J44: JOSE DANIEL GARRIDO SANCHEZ | K44: 15 | L44: Jose Garrido | M44: Jose Daniel Garrido Sanchez | N44: Jose Daniel Garrido Sanchez | O44: Inactivo | P44: Inactivo | Q44: Jose Daniel Garrido Sanchez | R44: 185 | S44: 368 | T44: 522
A45: ZACM970618N37 | B45: José Miguel Zavala Chávez | C45: L2 | D45: CAC | E45: =VLOOKUP(A45,Hoja2!A:C,2,FALSE) -> 11/08/2025 | G45: José Miguel Zavala Chávez | H45: 431 | I45: Jose Miguel Zavala Chavez | K45: Jose Miguel Zavala Chavez | L45: Jose Miguel Zavala | M45: Jose Miguel Zavala Chavez | N45: Jose Miguel Zavala Chavez | O45: Activo | P45: Agente | Q45: José Miguel Zavala Chávez | R45: jose.zavala@brm.lat | S45: 369 | T45: José Miguel Zavala
A46: TIMJ661116DV2 | B46: Juan Tinoco Manrique | C46: BIL | D46: WARRANTY | E46: =VLOOKUP(A46,Hoja2!A:C,2,FALSE) -> 01/05/2023 | G46: Juan Tinoco Manrique | H46: juan.tinoco@brm.lat | I46: 309 | K46: 314 | L46: 319 | M46: 324 | N46: 329 | O46: Activo | P46: Lider | Q46: Juan Tinoco Manrique | R46: 344 | S46: 370 | T46: Juan Tinoco Manrique
A47: MAHK9112058E6 | B47: karen viridiana martinez herrera | C47: PEPSICO | D47: PEPSICO | E47: =VLOOKUP(A47,Hoja2!A:C,2,FALSE) -> 20/06/2022 | G47: Karen Viridiana Martinez Herrera | H47: karen.martinez@brm.com.co | I47: 298 | K47: 299 | L47: 300 | M47: 301 | N47: 302 | O47: Activo | P47: Agente | Q47: 304 | R47: karen.martinez@brm.com.co | S47: 371 | T47: 523
A48: RAVK8705083LA | B48: karina ramos villagomez | C48: L2 | D48: CAC | E48: =VLOOKUP(A48,Hoja2!A:C,2,FALSE) -> 12/04/2023 | F48: =VLOOKUP(A48,Hoja2!A:C,3,FALSE) -> 45708 | G48: Karina Ramos Villagomez | H48: 432 | I48: Karina Villagomez | J48: KARINA RAMOS VILLAGOMEZ | K48: 16 | L48: Karina Ramos | M48: Karina Ramos Villagomez | N48: Karina Ramos Villagomez | O48: Inactivo | P48: Inactivo | Q48: Karina Ramos Villagomez | R48: 186 | S48: 372 | T48: 524
A49: RUOK930423DW7 | B49: karla michelle ruiz oliva | C49: L2 | D49: PREMIUM | E49: =VLOOKUP(A49,Hoja2!A:C,2,FALSE) -> 02/10/2024 | G49: Karla Michelle Ruiz Oliva | H49: karla.ruiz@brm.lat | I49: Karla Ruiz | K49: Karla Ruiz | L49: Karla Ruiz | M49: Karla Ruiz | N49: 92 | O49: Activo | P49: Agente | Q49: Karla Michelle Ruiz Oliva | R49: karla.ruiz@brm.lat | S49: 373 | T49: Karla Ruiz
A50: LEGL000203H35 | B50: litzy yesey leon garcia | C50: L2 | D50: CAC | E50: =VLOOKUP(A50,Hoja2!A:C,2,FALSE) -> 22/09/2025 | G50: Litzy Yesey Leon Garcia | H50: litsy.leon@brm.lat | I50: Litzy Yesey Leon Garcia | K50: Litzy Yesey Leon Garcia | L50: LitzyLeon | M50: Litsy Yesey León García | N50: Litsy Yesey León García | O50: Activo | P50: Agente | Q50: Litzy Yesey Leon Garcia | R50: litsy.leon@brm.lat | S50: 510 | T50: Litsy Yesey Leon
A51: GIFL911226PW4 | B51: Lizbeth Gil Francisco | C51: BIL | D51: PDC | E51: =VLOOKUP(A51,Hoja2!A:C,2,FALSE) -> 12/04/2023 | G51: Lizbeth Gil Francisco | H51: 433 | I51: 307 | K51: 312 | L51: 317 | M51: 322 | N51: 327 | O51: Activo | P51: Lider | Q51: Lizbeth Gil Francisco | R51: 342 | S51: 374 | T51: Lizbeth Gil Francisco
A52: FURL9008188J7 | B52: Luis Alberto Fuentes Ramírez | C52: BIL | D52: PDC | E52: =VLOOKUP(A52,Hoja2!A:C,2,FALSE) -> 12/04/2023 | G52: Luis Alberto Fuentes Ramírez | H52: 434 | I52: 306 | K52: 311 | L52: 316 | M52: 321 | N52: 326 | O52: Activo | P52: Agente | Q52: Luis Alberto Fuentes Ramírez | R52: 341 | S52: 375 | T52: Luis Alberto Fuentes Ramírez
A53: COGL9802101Q6 | B53: luis daniel cortés gonzález | C53: L2 | D53: PREMIUM | E53: =VLOOKUP(A53,Hoja2!A:C,2,FALSE) -> 09/09/2024 | G53: Luis Daniel Cortés González | H53: luis.cortes@brm.lat | I53: Luis Daniel Cortés González | K53: Luis Daniel Cortés González | L53: Luis Cortés | M53: Luis Daniel Cortes | N53: 83 | O53: Activo | P53: Agente | Q53: Luis Daniel Cortes Gonzales | R53: luis.cortes@brm.lat | S53: 376 | T53: Luis Daniel Cortès
A54: UIGM9212034K4 | B54: Marco Antonio Uribe García | C54: L2 | D54: PREMIUM | E54: =VLOOKUP(A54,Hoja2!A:C,2,FALSE) -> 20/10/2025 | G54: Marco Antonio Uribe García | H54: marco.uribe@brm.lat | I54: 543 | J54: 544 | K54: Marco García | L54: 546 | M54: 547 | N54: 548 | O54: Activo | P54: Agente | Q54: 550 | R54: 551 | S54: 552 | T54: 554
A55: AOGE840609TM0 | B55: maria elena arzola gonzalez | C55: L2 | D55: CAC | E55: =VLOOKUP(A55,Hoja2!A:C,2,FALSE) -> 45621 | F55: 45632 | G55: Maria Elena Arzola Gonzalez | H55: 435 | I55: 97 | K55: 103 | L55: 115 | M55: 109 | N55: 109 | O55: Inactivo | P55: Inactivo | Q55: 170 | R55: 213 | S55: 377 | T55: 525
A56: MACG880903UY4 | B56: maria guadalupe martinez contreras | C56: PEPSICO | D56: PEPSICO | E56: =VLOOKUP(A56,Hoja2!A:C,2,FALSE) -> 24/01/2023 | F56: =VLOOKUP(A56,Hoja2!A:C,3,FALSE) -> 45900 | G56: Maria Guadalupe Martinez Contreras | H56: maria.martinez@brm.com.co | I56: 232 | K56: 241 | L56: 250 | M56: 259 | N56: 268 | O56: Inactivo | P56: Inactivo | Q56: 286 | R56: maria.martinez@brm.com.co | S56: 378 | T56: 526
A57: 3 | B57: Mexico Brand Site | C57: OTHER | D57: OTHER | E57: 36892 | G57: Mexico Brand Site | H57: 436 | I57: Mexico Brand Site | K57: 17 | L57: 59 | M57: 76 | N57: 76 | O57: Activo | P57: Agente | Q57: 160 | R57: 187 | S57: 379 | T57: 527
A58: 4 | B58: Mexico Email | C58: OTHER | D58: OTHER | E58: 36892 | G58: Mexico Email | H58: 437 | I58: Mexico Email | K58: 18 | L58: 60 | M58: 77 | N58: 77 | O58: Activo | P58: Agente | Q58: 161 | R58: 188 | S58: 380 | T58: 528
A59: FURM810525V51 | B59: miguel angel fuentes ramirez | C59: L2 | D59: FLEET | E59: =VLOOKUP(A59,Hoja2!A:C,2,FALSE) -> 12/04/2023 | G59: Miguel Angel Fuentes Ramirez | H59: 438 | I59: 24 | K59: Miguel Angel Fuentes Ramirez | L59: 66 | M59: Miguel Angel Fuentes Ramirez | N59: Miguel Angel Fuentes Ramirez | O59: Activo | P59: Agente | Q59: Miguel Angel Fuentes Ramirez | R59: 196 | S59: MIGUEL | T59: Miguel Angel Fuentes Ramirez
A60: VAHM850827MI0 | B60: moises valle hernandez | C60: L2 | D60: CAC | E60: 45582 | F60: 45607 | G60: Moises Valle Hernandez | H60: 439 | I60: 98 | K60: 104 | L60: 116 | M60: 110 | N60: 110 | O60: Inactivo | P60: Inactivo | Q60: 171 | R60: 214 | S60: 381 | T60: 529
A61: AACM021019358 | B61: monica magdalena ayala cadena | C61: L2 | D61: FLEET | E61: =VLOOKUP(A61,Hoja2!A:C,2,FALSE) -> 15/01/2024 | F61: =VLOOKUP(A61,Hoja2!A:C,3,FALSE) -> 45930 | G61: Monica Magdalena Ayala Cadena | H61: 440 | I61: 27 | K61: Monica Magdalen Ayal Cadena | L61: 68 | M61: Monica Magdalena Ayala Cadena | N61: Monica Magdalena Ayala Cadena | O61: Inactivo | P61: Inactivo | Q61: Monica Magdalena Ayala Cadena | R61: 198 | S61: MONICA | T61: 530
A62: BEGN940822DRA | B62: nallely berber guerrero | C62: OTHER | D62: STAFF | E62: =VLOOKUP(A62,Hoja2!A:C,2,FALSE) -> 01/09/2022 | G62: Nallely Berber Guerrero | H62: nallely.berber@brm.com.co | I62: 233 | K62: 242 | L62: 251 | M62: 260 | N62: 269 | O62: Activo | P62: Agente | Q62: 287 | R62: nallely.beber@brm.com.co | S62: 382 | T62: 531
A63: ROMN830308L40 | B63: norma angelica rosales munoz | C63: L2 | D63: CAC | E63: =VLOOKUP(A63,Hoja2!A:C,2,FALSE) -> 17/07/2023 | G63: Norma Angelica Rosales Munoz | H63: 441 | I63: Norma Angelica Rosales Munoz | J63: NORMA ANGELICA ROSALES MUÑOZ | K63: Norma Angelica Rosales Muñoz | L63: Norma Rosales | M63: Norma Angélica Rosales Muñoz | N63: Norma Angélica Rosales Muñoz | O63: Activo | P63: Agente | Q63: Norma Angélica Rosales Muñoz | R63: 189 | S63: 383 | T63: Norma Angélica Rosales Muñoz
A64: GUGO770211SS7 | B64: omar guerrero garcia | C64: OTHER | D64: STAFF | E64: =VLOOKUP(A64,Hoja2!A:C,2,FALSE) -> 01/08/2024 | G64: Omar Guerrero Garcia | H64: omar.guerrero@brm.lat | I64: 234 | K64: 243 | L64: 252 | M64: 261 | N64: 270 | O64: Activo | P64: Agente | Q64: 288 | R64: omar.guerrero@brm.com.co | S64: 384 | T64: 532
A65: RUOP980129CI0 | B65: patricia joseline ruiz olvia | C65: L2 | D65: PREMIUM | E65: =VLOOKUP(A65,Hoja2!A:C,2,FALSE) -> 16/07/2025 | F65: =VLOOKUP(A65,Hoja2!A:C,3,FALSE) -> 45945 | G65: Patricia Joseline Ruiz Olvia | H65: patricia.ruiz@brm.lat | I65: Joseline Oliva | J65: 495 | K65: Joseline Oliva | L65: 497 | M65: Joseline Oliva | N65: 499 | O65: Inactivo | P65: Inactivo | Q65: Patricia Joselineruiz Oliva | R65: 502 | S65: 503 | T65: Patricia Joseline Ruiz
A66: SAMP9601121P8 | B66: pedro saenz martinez | C66: BIL | D66: FLEET | E66: 36892 | F66: 45820 | G66: Pedro Saenz Martinez | H66: pedro.saenz@brm.lat | I66: 565 | J66: 566 | K66: 567 | L66: 568 | M66: 569 | N66: 570 | O66: Inactivo | P66: Inactivo | Q66: 571 | R66: 572 | S66: 573 | T66: 574
A67: 5 | B67: Peugeot Brand Site Closed Case Queue | C67: OTHER | D67: OTHER | E67: 36892 | F67: 36893 | G67: Peugeot Brand Site Closed Case Queue | H67: 442 | I67: Peugeot Brand Site Closed Case Queue | K67: 19 | L67: 61 | M67: 78 | N67: 78 | O67: Inactivo | P67: Inactivo | Q67: 162 | R67: 190 | S67: 385 | T67: 533
A68: 6A | B68: Phoebe Del Rosario | C68: OTHER | D68: OTHER | E68: 36892 | F68: 36893 | G68: Phoebe Del Rosario | H68: 443 | I68: Phoebe Del Rosario | J68: PHOEBE DEL ROSARIO | K68: 20 | L68: 62 | M68: Phoebe Del Rosario | N68: Phoebe Del Rosario | O68: Inactivo | P68: Inactivo | Q68: 163 | R68: 191 | S68: 386 | T68: 534
A69: 6 | B69: Recalls with Parts not available USA | C69: OTHER | D69: OTHER | E69: 36892 | F69: 36893 | G69: Recalls With Parts Not Available Usa | H69: 444 | I69: Recalls with Parts not available USA | K69: 21 | L69: 63 | M69: 80 | N69: 80 | O69: Inactivo | P69: Inactivo | Q69: 164 | R69: 192 | S69: 387 | T69: 535
A70: CAHR900317HC7 | B70: Roberto Camilo Hernández | C70: BIL | D70: PDC | E70: =VLOOKUP(A70,Hoja2!A:C,2,FALSE) -> 01/05/2023 | G70: Roberto Camilo Hernández | H70: 445 | I70: 305 | K70: 310 | L70: 315 | M70: 320 | N70: 325 | O70: Activo | P70: Agente | Q70: Roberto Camilo Hernández | R70: 340 | S70: 388 | T70: 536
A71: VACR9111201Z9 | B71: ricardo antonio vazquez chavez | C71: BIL | D71: FLEET | E71: =VLOOKUP(A71,Hoja2!A:C,2,FALSE) -> 07/08/2024 | G71: Ricardo Antonio Vazquez Chavez | H71: 452 | I71: 453 | J71: 454 | K71: Ricardo Vazquez | L71: 456 | M71: 457 | N71: 458 | O71: Activo | P71: Lider | Q71: Ricardo Antonio Vazquez Chavez | R71: 461 | S71: 462 | T71: Ricardo Antonio Vazquez
A72: MAPS941230FE08 | B72: sergio alberto martinez padilla | C72: L2 | D72: CAC | E72: =VLOOKUP(A72,Hoja2!A:C,2,FALSE) -> 03/03/2025 | G72: Sergio Alberto Martinez Padilla | H72: 446 | I72: Sergio Alberto Martinez Padilla | K72: Sergio Alberto Martinez Padillav | L72: Sergio Martinez | M72: Sergio Alberto Martinez Padilla | N72: Sergio Alberto Martinez Padilla | O72: Activo | P72: Agente | Q72: Sergio Alberto Martinez Padilla | R72: sergio.martinez@brm.lat | S72: 389 | T72: Sergio Alberto Martinez
A73: 117 | B73: Shayne Belle Bamboa | C73: OTHER | D73: OTHER | E73: 36892 | F73: 36893 | G73: Shayne Belle Bamboa | H73: 447 | I73: Shayne Belle Bamboa | K73: 119 | L73: 121 | M73: 123 | N73: 123 | O73: Inactivo | P73: Inactivo | Q73: 172 | R73: 215 | S73: 390 | T73: 537
A74: 118 | B74: Stellantis Peugeot Site Guest User | C74: OTHER | D74: OTHER | E74: 36892 | F74: 36893 | G74: Stellantis Peugeot Site Guest User | H74: 448 | I74: Stellantis Peugeot Site Guest User | K74: 120 | L74: 122 | M74: 124 | N74: 124 | O74: Inactivo | P74: Inactivo | Q74: 173 | R74: 216 | S74: 391 | T74: 538
A75: 7 | B75: Test CC Mexico Sup L1 | C75: OTHER | D75: OTHER | E75: 36892 | F75: 36893 | G75: Test Cc Mexico Sup L1 | H75: 449 | I75: Test CC Mexico Sup L1 | K75: 22 | L75: 64 | M75: 81 | N75: 81 | O75: Inactivo | P75: Inactivo | Q75: 165 | R75: 193 | S75: 392 | T75: 539
A76: IAPN790416661 | B76: Tuyo Isaza | C76: OTHER | D76: STAFF | E76: 36892 | G76: Tuyo Isaza | H76: tuyo.isaza@brm.com.co | I76: 464 | J76: 465 | K76: 466 | L76: 467 | M76: 468 | N76: 469 | O76: Activo | P76: Directivo | Q76: 471 | R76: 472 | S76: 473 | T76: 540
A77: AAEV960806RYA | B77: valeria alvarez estrella | C77: PEPSICO | D77: PEPSICO | E77: =VLOOKUP(A77,Hoja2!A:C,2,FALSE) -> 22/03/2023 | G77: Valeria Alvarez Estrella | H77: valeria.alvarez@brm.com.co | I77: 235 | K77: 244 | L77: 253 | M77: 262 | N77: 271 | O77: Activo | P77: Agente | Q77: 297 | R77: valeria.alvarez@brm.com.co | S77: 393 | T77: 541
A78: AAPY811010LJA | B78: yoana alvarez perez | C78: L2 | D78: CAC | E78: =VLOOKUP(A78,Hoja2!A:C,2,FALSE) -> 05/05/2023 | G78: Yoana Alvarez Perez | H78: 450 | I78: Yoana Perez | J78: YOANA ALVAREZ PEREZ | K78: Yoana Alvarez Perez | L78: Yoana Perez | M78: Yoana Alvarez Perez | N78: Yoana Alvarez Perez | O78: Activo | P78: Agente | Q78: Yoana Alvarez Perez | R78: 194 | S78: 394 | T78: Yoana Álvarez Pérez
A79: SAAY841006C99 | B79: yuridia saldivar arriaga | C79: L2 | D79: CAC | E79: =VLOOKUP(A79,Hoja2!A:C,2,FALSE) -> 03/03/2025 | F79: =VLOOKUP(A79,Hoja2!A:C,3,FALSE) -> 45785 | G79: Yuridia Saldivar Arriaga | H79: 451-max574 | I79: 96 | K79: 102 | L79: 114 | M79: 108 | N79: 108 | O79: Inactivo | P79: Inactivo | Q79: Yuridia Saldivar Arriaga | R79: yuridia.saldivar@brm.lat | S79: 407 | T79: 542

Sheet Hoja2
A1: RFC | B1: Fecha de contratacion | C1: Fecha de retiro
A2: PAMD9909214N2 | B2: 45026 | C2: 45057
A3: DICA9609116S6 | B3: 44714 | C3: 45289
A4: HUCL940609PB1 | B4: 44722 | C4: 45291
A5: LEMG7409013B7 | B5: 45008 | C5: 45387
A6: RETS9412067Q3 | B6: 44556 | C6: 45443
A7: AUFJ951026IQ6 | B7: 45028 | C7: 45042
A8: SIMJ890303523 | B8: 45028 | C8: 45042
A9: GAHL611052H4 | B9: 45034 | C9: 45076
A10: LEMB8807042U1 | B10: 45028 | C10: 45083
A11: SOPJ941004890 | B11: 45028 | C11: 45096
A12: EISL980413SC8 | B12: 45066 | C12: 45097
A13: EDOLE830703Q17 | B13: 45083 | C13: 45097
... A60: FEGR0106237E1 | B60: 45212 | C60: 45525
A61: MABL9008255N0 | B61: 45544 | C61: #N/A
A62: AIHE910423HDFRRR09 | B62: 44291 | C62: #N/A
A63: EUPR941121HDFSRB08 | B63: 44445 | C63: #N/A
A64: FANA871207MDFLYD01 | B64: 44445 | C64: #N/A
A65: GOMN891221MDFMYZ03 | B65: 44348 | C65: #N/A
A66: GOMV910123HDFNNC08 | B66: 44445 | C66: #N/A
A67: LANT900402MDFNCN07 | B67: 44452 | C67: #N/A
A68: LIBS830810MVZMLR02 | B68: 44258 | C68: #N/A
A69: LONE871226MDFPNR05 | B69: 44452 | C69: #N/A
A70: LOSA980629HDFPNL04 | B70: 44452 | C70: #N/A
A71: CALB00012HDFRMRA4 | B71: 44445 | C71: #N/A
A72: TOTA970408G2A | B72: 45271 | C72: #N/A
A73: AOGE840609TM0 | B73: 45621 | C73: #N/A
A74: MAMM9508035T9 | B74: 02/05/2022 | C74: 45670
A75: VIGD960720IM4 | B75: 01/08/2023 | C75: 45719
A76: SAAY841006C99 | B76: 03/03/2025 | C76: 45785
A77: ZEVM961222FRA | B77: 12/04/2023 | C77: 45758
A78: GOLJ9503038V9 | B78: 07/04/2025 | C78: 45785
A79: ZACM970618N37 | B79: 11/08/2025 | C79: Null
A80: SAMP9601121P8 | B80: 01/05/2023 | C80: 45820
A81: AOBJ730421DQ9 | B81: 01/06/2021 | C81: Null
A82: AERP8312122CA | B82: 11/10/2021 | C82: Null
A83: MAGJ940620SEA | B83: 23/12/2021 | C83: Null
A84: MAHK9112058E6 | B84: 20/06/2022 | C84: Null
A85: BEGN940822DRA | B85: 01/09/2022 | C85: Null
A86: MACG880903UY4 | B86: 24/01/2023 | C86: 45900
A87: AAEV960806RYA | B87: 22/03/2023 | C87: Null
A88: GIFL911226PW4 | B88: 12/04/2023 | C88: Null
A89: FURL9008188J7 | B89: 12/04/2023 | C89: Null
A90: FURM810525V51 | B90: 12/04/2023 | C90: Null
A91: NERA921105325 | B91: 12/04/2023 | C91: Null
A92: RAVK8705083LA | B92: 12/04/2023 | C92: 45708
A93: TOHI950502JJ9 | B93: 12/04/2023 | C93: Null
A94: MOMB940920E68 | B94: 12/04/2023 | C94: Null
A95: GASD9304145G5 | B95: 18/04/2023 | C95: 45708
A96: CERD7807235L2 | B96: 01/05/2023 | C96: Null
A97: TIMJ661116DV2 | B97: 01/05/2023 | C97: Null
A98: CAHR900317HC7 | B98: 01/05/2023 | C98: Null
A99: AAPY811010LJA | B99: 05/05/2023 | C99: Null
A100: ROAA941101N80 | B100: 05/05/2023 | C100: Null
A101: SAVD670108S4A | B101: 08/05/2023 | C101: Null
A102: JIRJ0305303Y2 | B102: 06/07/2023 | C102: 45708
A103: MASE970408PN6 | B103: 06/07/2023 | C103: Null
A104: HELB930528PQ6 | B104: 23/04/2025 | C104: Null
A105: ROMN830308L40 | B105: 17/07/2023 | C105: Null
A106: VACR9111201Z9 | B106: 07/08/2024 | C106: Null
A107: NACC9505286W9 | B107: 23/12/2021 | C107: Null
A108: AAME930716V5A | B108: 01/09/2023 | C108: Null
A109: COZI930808G27 | B109: 03/10/2023 | C109: 45844
A110: RUAH860721I32 | B110: 01/11/2023 | C110: 45708
A111: OUMC940127JZ8 | B111: 11/12/2023 | C111: 45888
A112: RODE9405272WA | B112: 11/12/2023 | C112: Null
A113: LAMC960519QR8 | B113: 11/12/2023 | C113: 45708
A114: CADD840914Q56 | B114: 11/12/2023 | C114: Null
A115: PECA940416AE6 | B115: 11/12/2023 | C115: Null
A116: ROPE750902RE8 | B116: 12/12/2023 | C116: Null
A117: HEVB960903C82 | B117: 15/01/2024 | C117: Null
A118: AACM021019358 | B118: 15/01/2024 | C118: 45930
A119: GUAG9805103UA | B119: 04/03/2024 | C119: Null
A120: PECB0204186B4 | B120: 20/05/2024 | C120: 45945
A121: COGL9802101Q6 | B121: 09/09/2024 | C121: Null
A122: MELD991221AV5 | B122: 04/05/2023 | C122: Null
A123: COMC900329TX1 | B123: 26/06/2023 | C123: Null
A124: RUOK930423DW7 | B124: 02/10/2024 | C124: Null
A125: HEBG9812126W4 | B125: 02/10/2024 | C125: Null
A126: GUGO770211SS7 | B126: 01/08/2024 | C126: Null
A127: IAPN790416661 | B127: 09/05/2024 | C127: Null
A128: JACA781019NE9 | B128: 02/10/2023 | C128: Null
A129: HEFE932203E43 | B129: 05/02/2025 | C129: Null
A130: BOPJ921127PQ0 | B130: 19/05/2025 | C130: Null
A131: MAPS941230FE08 | B131: 03/03/2025 | C131: Null
A132: ROCA880719R6A | B132: 24/03/2025 | C132: Null
A133: DICA9809116S6 | B133: 19/05/2025 | C133: 45835
A134: ROMI870125PR2 | B134: 19/05/2025 | C134: Null
A135: RUOP980129CI0 | B135: 16/07/2025 | C135: 45945
A136: SILD9507304HA | B136: 16/07/2025 | C136: Null
A137: MICA030425FXA | B137: 16/07/2025 | C137: 45945
A138: LEGL000203H35 | B138: 22/09/2025 | C138: Null
A139: MOAA990219V45 | B139: 22/09/2025 | C139: Null
A140: RUCJ021118JT2 | B140: 06/10/2025 | C140: Null
A141: UIGM9212034K4 | B141: 20/10/2025 | C141: Null
A142: GOCD990717AS3 | B142: 20/10/2025 | C142: Null
